{"aglet":{"x":0,"y":0,"halign":"LEFT","valign":"TOP","enabled":true},"face":{"x":0,"y":100,"halign":"LEFT","valign":"TOP","enabled":true},"charm":{"x":0,"y":80,"halign":"LEFT","valign":"TOP","enabled":true},"belt":{"x":0,"y":40,"halign":"LEFT","valign":"TOP","enabled":true},"ring":{"x":0,"y":180,"halign":"LEFT","valign":"TOP","enabled":true},"glove":{"x":0,"y":120,"halign":"LEFT","valign":"TOP","enabled":true},"back":{"x":0,"y":20,"halign":"LEFT","valign":"TOP","enabled":true},"hat":{"x":0,"y":140,"halign":"LEFT","valign":"TOP","enabled":true},"necklace":{"x":0,"y":160,"halign":"LEFT","valign":"TOP","enabled":true},"cape":{"x":0,"y":60,"halign":"LEFT","valign":"TOP","enabled":true},"shoes":{"x":0,"y":53,"halign":"LEFT","valign":"BOTTOM","enabled":true}}