{
  "version": 1,
  "displayDebugData": false,
  "leafSize": 5,
  "leafLifespan": 200,
  "leafSpawnRate": 10,
  "coniferLeafSpawnRate": 0,
  "dropFromPlayerPlacedBlocks": true,
  "minimumFreeSpaceBelow": 1,
  "windEnabled": true,
  "windlessDimensions": [
    "minecraft:the_end",
    "minecraft:the_nether"
  ],
  "leafSettings": {
    "twilightforest:dark_leaves": {
      "spawnRateFactor": 1.0,
      "isConiferBlock": false
    },
    "ecologics:coconut_leaves": {
      "spawnRateFactor": 1.0,
      "isConiferBlock": false
    },
    "spectrum:magenta_leaves": {
      "spawnRateFactor": 1.0,
      "isConiferBlock": false
    },
    "minecraft:birch_leaves": {
      "spawnRateFactor": 1.0,
      "isConiferBlock": false
    },
    "spectrum:orange_leaves": {
      "spawnRateFactor": 1.0,
      "isConiferBlock": false
    },
    "spectrum:green_leaves": {
      "spawnRateFactor": 1.0,
      "isConiferBlock": false
    },
    "minecraft:acacia_leaves": {
      "spawnRateFactor": 1.0,
      "isConiferBlock": false
    },
    "spectrum:purple_leaves": {
      "spawnRateFactor": 1.0,
      "isConiferBlock": false
    },
    "spectrum:light_gray_leaves": {
      "spawnRateFactor": 1.0,
      "isConiferBlock": false
    },
    "ecologics:walnut_leaves": {
      "spawnRateFactor": 1.0,
      "isConiferBlock": false
    },
    "spectrum:blue_leaves": {
      "spawnRateFactor": 1.0,
      "isConiferBlock": false
    },
    "spectrum:white_leaves": {
      "spawnRateFactor": 1.0,
      "isConiferBlock": false
    },
    "spectrum:brown_leaves": {
      "spawnRateFactor": 1.0,
      "isConiferBlock": false
    },
    "minecraft:jungle_leaves": {
      "spawnRateFactor": 0.0,
      "isConiferBlock": false
    },
    "twilightforest:mangrove_leaves": {
      "spawnRateFactor": 1.0,
      "isConiferBlock": false
    },
    "ic2:rubber_leaves": {
      "spawnRateFactor": 1.0,
      "isConiferBlock": false
    },
    "spectrum:black_leaves": {
      "spawnRateFactor": 1.0,
      "isConiferBlock": false
    },
    "spectrum:red_leaves": {
      "spawnRateFactor": 1.0,
      "isConiferBlock": false
    },
    "minecraft:oak_leaves": {
      "spawnRateFactor": 1.0,
      "isConiferBlock": false
    },
    "twilightforest:mining_leaves": {
      "spawnRateFactor": 1.0,
      "isConiferBlock": false
    },
    "spectrum:pink_leaves": {
      "spawnRateFactor": 1.0,
      "isConiferBlock": false
    },
    "spectrum:spirit_sallow_leaves": {
      "spawnRateFactor": 1.0,
      "isConiferBlock": false
    },
    "spectrum:light_blue_leaves": {
      "spawnRateFactor": 1.0,
      "isConiferBlock": false
    },
    "minecraft:azalea_leaves": {
      "spawnRateFactor": 1.0,
      "isConiferBlock": false
    },
    "twilightforest:thorn_leaves": {
      "spawnRateFactor": 1.0,
      "isConiferBlock": false
    },
    "twilightforest:canopy_leaves": {
      "spawnRateFactor": 1.0,
      "isConiferBlock": false
    },
    "spectrum:cyan_leaves": {
      "spawnRateFactor": 1.0,
      "isConiferBlock": false
    },
    "twilightforest:rainbow_oak_leaves": {
      "spawnRateFactor": 1.0,
      "isConiferBlock": false
    },
    "twilightforest:beanstalk_leaves": {
      "spawnRateFactor": 1.0,
      "isConiferBlock": false
    },
    "spectrum:gray_leaves": {
      "spawnRateFactor": 1.0,
      "isConiferBlock": false
    },
    "twilightforest:twilight_oak_leaves": {
      "spawnRateFactor": 1.0,
      "isConiferBlock": false
    },
    "twilightforest:sorting_leaves": {
      "spawnRateFactor": 1.0,
      "isConiferBlock": false
    },
    "minecraft:flowering_azalea_leaves": {
      "spawnRateFactor": 1.0,
      "isConiferBlock": false
    },
    "twilightforest:time_leaves": {
      "spawnRateFactor": 1.0,
      "isConiferBlock": false
    },
    "twilightforest:transformation_leaves": {
      "spawnRateFactor": 1.0,
      "isConiferBlock": false
    },
    "spectrum:lime_leaves": {
      "spawnRateFactor": 1.0,
      "isConiferBlock": false
    },
    "spectrum:yellow_leaves": {
      "spawnRateFactor": 1.0,
      "isConiferBlock": false
    },
    "minecraft:dark_oak_leaves": {
      "spawnRateFactor": 1.0,
      "isConiferBlock": false
    },
    "minecraft:spruce_leaves": {
      "spawnRateFactor": 1.0,
      "isConiferBlock": true
    },
    "spectrum:jade_vine_petal_block": {
      "spawnRateFactor": 1.0,
      "isConiferBlock": false
    }
  },
  "leafSpawners": [],
  "fallSpawnRateFactor": 1.8,
  "winterSpawnRateFactor": 0.1,
  "startingSpawnRadius": 0,
  "decaySpawnRateFactor": 2.6,
  "maxDecayLeaves": 9
}